{
    "data": [
        {
            "traceID": "868cc4680a73456067e12021f1451995",
            "spans": [
                {
                    "traceID": "868cc4680a73456067e12021f1451995",
                    "spanID": "67e12021f1451995",
                    "operationName": "teastore-registry.default.svc.cluster.local:8080/*",
                    "references": [],
                    "startTime": 1659572858861200,
                    "duration": 5003897,
                    "tags": [
                        {
                            "key": "http.method",
                            "type": "string",
                            "value": "GET"
                        },
                        {
                            "key": "istio.mesh_id",
                            "type": "string",
                            "value": "cluster.local"
                        },
                        {
                            "key": "response_flags",
                            "type": "string",
                            "value": "DI,DC"
                        },
                        {
                            "key": "istio.canonical_revision",
                            "type": "string",
                            "value": "latest"
                        },
                        {
                            "key": "peer.address",
                            "type": "string",
                            "value": "172.17.0.20"
                        },
                        {
                            "key": "error",
                            "type": "bool",
                            "value": true
                        },
                        {
                            "key": "request_size",
                            "type": "string",
                            "value": "0"
                        },
                        {
                            "key": "guid:x-request-id",
                            "type": "string",
                            "value": "a65a3692-e1d0-911c-843b-805d304636d1"
                        },
                        {
                            "key": "response_size",
                            "type": "string",
                            "value": "0"
                        },
                        {
                            "key": "node_id",
                            "type": "string",
                            "value": "sidecar~172.17.0.20~teastore-auth-84f7654d8d-72wlt.default~default.svc.cluster.local"
                        },
                        {
                            "key": "http.url",
                            "type": "string",
                            "value": "http://teastore-registry:8080/tools.descartes.teastore.registry/rest/services/tools.descartes.teastore.persistence/"
                        },
                        {
                            "key": "downstream_cluster",
                            "type": "string",
                            "value": "-"
                        },
                        {
                            "key": "istio.namespace",
                            "type": "string",
                            "value": "default"
                        },
                        {
                            "key": "component",
                            "type": "string",
                            "value": "proxy"
                        },
                        {
                            "key": "istio.canonical_service",
                            "type": "string",
                            "value": "teastore"
                        },
                        {
                            "key": "http.protocol",
                            "type": "string",
                            "value": "HTTP/1.1"
                        },
                        {
                            "key": "http.status_code",
                            "type": "string",
                            "value": "0"
                        },
                        {
                            "key": "user_agent",
                            "type": "string",
                            "value": "Jersey/3.0.2 (HttpUrlConnection 11.0.11)"
                        },
                        {
                            "key": "span.kind",
                            "type": "string",
                            "value": "client"
                        },
                        {
                            "key": "internal.span.format",
                            "type": "string",
                            "value": "zipkin"
                        }
                    ],
                    "logs": [],
                    "processID": "p1",
                    "warnings": null
                }
            ],
            "processes": {
                "p1": {
                    "serviceName": "teastore.default",
                    "tags": [
                        {
                            "key": "ip",
                            "type": "string",
                            "value": "172.17.0.20"
                        }
                    ]
                }
            },
            "warnings": null
        }
    ],
    "total": 0,
    "limit": 0,
    "offset": 0,
    "errors": null
}