{
    "data": [
        {
            "traceID": "1a4916d56a443f02",
            "spans": [
                {
                    "traceID": "1a4916d56a443f02",
                    "spanID": "27973f91a40d6d8d",
                    "operationName": "teastore-persistence.default.svc.cluster.local:8080/*",
                    "references": [
                        {
                            "refType": "CHILD_OF",
                            "traceID": "1a4916d56a443f02",
                            "spanID": "1a4916d56a443f02"
                        }
                    ],
                    "startTime": 1659579949999868,
                    "duration": 105,
                    "tags": [
                        {
                            "key": "response_flags",
                            "type": "string",
                            "value": "UH"
                        },
                        {
                            "key": "http.method",
                            "type": "string",
                            "value": "GET"
                        },
                        {
                            "key": "response_size",
                            "type": "string",
                            "value": "19"
                        },
                        {
                            "key": "istio.mesh_id",
                            "type": "string",
                            "value": "cluster.local"
                        },
                        {
                            "key": "http.status_code",
                            "type": "string",
                            "value": "503"
                        },
                        {
                            "key": "peer.address",
                            "type": "string",
                            "value": "172.17.0.14"
                        },
                        {
                            "key": "node_id",
                            "type": "string",
                            "value": "sidecar~172.17.0.14~teastore-webui-7cb5985449-rb6pm.default~default.svc.cluster.local"
                        },
                        {
                            "key": "istio.canonical_revision",
                            "type": "string",
                            "value": "latest"
                        },
                        {
                            "key": "error",
                            "type": "bool",
                            "value": true
                        },
                        {
                            "key": "downstream_cluster",
                            "type": "string",
                            "value": "-"
                        },
                        {
                            "key": "user_agent",
                            "type": "string",
                            "value": "Jersey/3.0.2 (Async HTTP Grizzly Connector 3.0.2)"
                        },
                        {
                            "key": "http.url",
                            "type": "string",
                            "value": "http://teastore-persistence:8080/tools.descartes.teastore.persistence/rest/categories/2"
                        },
                        {
                            "key": "istio.canonical_service",
                            "type": "string",
                            "value": "teastore"
                        },
                        {
                            "key": "istio.namespace",
                            "type": "string",
                            "value": "default"
                        },
                        {
                            "key": "guid:x-request-id",
                            "type": "string",
                            "value": "0c4318b5-6950-4edd-b82f-3eb2b2e72301"
                        },
                        {
                            "key": "component",
                            "type": "string",
                            "value": "proxy"
                        },
                        {
                            "key": "request_size",
                            "type": "string",
                            "value": "0"
                        },
                        {
                            "key": "http.protocol",
                            "type": "string",
                            "value": "HTTP/1.1"
                        },
                        {
                            "key": "span.kind",
                            "type": "string",
                            "value": "client"
                        },
                        {
                            "key": "internal.span.format",
                            "type": "string",
                            "value": "zipkin"
                        }
                    ],
                    "logs": [],
                    "processID": "p1",
                    "warnings": [
                        "invalid parent span IDs=1a4916d56a443f02; skipping clock skew adjustment"
                    ]
                }
            ],
            "processes": {
                "p1": {
                    "serviceName": "teastore.default",
                    "tags": [
                        {
                            "key": "ip",
                            "type": "string",
                            "value": "172.17.0.14"
                        }
                    ]
                }
            },
            "warnings": null
        }
    ],
    "total": 0,
    "limit": 0,
    "offset": 0,
    "errors": null
}