{
    "data": [
        {
            "traceID": "522e49331b3dc4dd",
            "spans": [
                {
                    "traceID": "522e49331b3dc4dd",
                    "spanID": "e001ab81d60e46c6",
                    "operationName": "teastore-persistence.default.svc.cluster.local:8080/*",
                    "references": [
                        {
                            "refType": "CHILD_OF",
                            "traceID": "522e49331b3dc4dd",
                            "spanID": "522e49331b3dc4dd"
                        }
                    ],
                    "startTime": 1659572132737436,
                    "duration": 1353,
                    "tags": [
                        {
                            "key": "http.method",
                            "type": "string",
                            "value": "GET"
                        },
                        {
                            "key": "response_size",
                            "type": "string",
                            "value": "135"
                        },
                        {
                            "key": "guid:x-request-id",
                            "type": "string",
                            "value": "317148b1-410b-483f-95b0-ad99faae990f"
                        },
                        {
                            "key": "istio.canonical_revision",
                            "type": "string",
                            "value": "latest"
                        },
                        {
                            "key": "response_flags",
                            "type": "string",
                            "value": "-"
                        },
                        {
                            "key": "request_size",
                            "type": "string",
                            "value": "0"
                        },
                        {
                            "key": "istio.namespace",
                            "type": "string",
                            "value": "default"
                        },
                        {
                            "key": "http.protocol",
                            "type": "string",
                            "value": "HTTP/1.1"
                        },
                        {
                            "key": "component",
                            "type": "string",
                            "value": "proxy"
                        },
                        {
                            "key": "upstream_cluster",
                            "type": "string",
                            "value": "outbound|8080||teastore-persistence.default.svc.cluster.local"
                        },
                        {
                            "key": "downstream_cluster",
                            "type": "string",
                            "value": "-"
                        },
                        {
                            "key": "upstream_cluster.name",
                            "type": "string",
                            "value": "outbound|8080||teastore-persistence.default.svc.cluster.local"
                        },
                        {
                            "key": "peer.address",
                            "type": "string",
                            "value": "172.17.0.14"
                        },
                        {
                            "key": "http.status_code",
                            "type": "string",
                            "value": "200"
                        },
                        {
                            "key": "user_agent",
                            "type": "string",
                            "value": "Jersey/3.0.2 (Async HTTP Grizzly Connector 3.0.2)"
                        },
                        {
                            "key": "http.url",
                            "type": "string",
                            "value": "http://teastore-persistence:8080/tools.descartes.teastore.persistence/rest/products/314"
                        },
                        {
                            "key": "istio.mesh_id",
                            "type": "string",
                            "value": "cluster.local"
                        },
                        {
                            "key": "node_id",
                            "type": "string",
                            "value": "sidecar~172.17.0.14~teastore-webui-7cb5985449-rb6pm.default~default.svc.cluster.local"
                        },
                        {
                            "key": "istio.canonical_service",
                            "type": "string",
                            "value": "teastore"
                        },
                        {
                            "key": "span.kind",
                            "type": "string",
                            "value": "client"
                        },
                        {
                            "key": "internal.span.format",
                            "type": "string",
                            "value": "zipkin"
                        }
                    ],
                    "logs": [],
                    "processID": "p1",
                    "warnings": [
                        "invalid parent span IDs=522e49331b3dc4dd; skipping clock skew adjustment"
                    ]
                },
                {
                    "traceID": "522e49331b3dc4dd",
                    "spanID": "9164ca4daf967fad",
                    "operationName": "teastore-persistence.default.svc.cluster.local:8080/*",
                    "references": [
                        {
                            "refType": "CHILD_OF",
                            "traceID": "522e49331b3dc4dd",
                            "spanID": "e001ab81d60e46c6"
                        }
                    ],
                    "startTime": 1659572132737690,
                    "duration": 900,
                    "tags": [
                        {
                            "key": "upstream_cluster",
                            "type": "string",
                            "value": "inbound|8080||"
                        },
                        {
                            "key": "response_size",
                            "type": "string",
                            "value": "135"
                        },
                        {
                            "key": "istio.namespace",
                            "type": "string",
                            "value": "default"
                        },
                        {
                            "key": "istio.canonical_service",
                            "type": "string",
                            "value": "teastore"
                        },
                        {
                            "key": "node_id",
                            "type": "string",
                            "value": "sidecar~172.17.0.15~teastore-persistence-7588d7656b-z6r6f.default~default.svc.cluster.local"
                        },
                        {
                            "key": "user_agent",
                            "type": "string",
                            "value": "Jersey/3.0.2 (Async HTTP Grizzly Connector 3.0.2)"
                        },
                        {
                            "key": "guid:x-request-id",
                            "type": "string",
                            "value": "317148b1-410b-483f-95b0-ad99faae990f"
                        },
                        {
                            "key": "http.protocol",
                            "type": "string",
                            "value": "HTTP/1.1"
                        },
                        {
                            "key": "component",
                            "type": "string",
                            "value": "proxy"
                        },
                        {
                            "key": "istio.canonical_revision",
                            "type": "string",
                            "value": "latest"
                        },
                        {
                            "key": "request_size",
                            "type": "string",
                            "value": "0"
                        },
                        {
                            "key": "response_flags",
                            "type": "string",
                            "value": "-"
                        },
                        {
                            "key": "http.status_code",
                            "type": "string",
                            "value": "200"
                        },
                        {
                            "key": "http.url",
                            "type": "string",
                            "value": "http://teastore-persistence:8080/tools.descartes.teastore.persistence/rest/products/314"
                        },
                        {
                            "key": "upstream_cluster.name",
                            "type": "string",
                            "value": "inbound|8080||"
                        },
                        {
                            "key": "downstream_cluster",
                            "type": "string",
                            "value": "-"
                        },
                        {
                            "key": "http.method",
                            "type": "string",
                            "value": "GET"
                        },
                        {
                            "key": "istio.mesh_id",
                            "type": "string",
                            "value": "cluster.local"
                        },
                        {
                            "key": "peer.address",
                            "type": "string",
                            "value": "172.17.0.14"
                        },
                        {
                            "key": "span.kind",
                            "type": "string",
                            "value": "server"
                        },
                        {
                            "key": "internal.span.format",
                            "type": "string",
                            "value": "zipkin"
                        }
                    ],
                    "logs": [],
                    "processID": "p2",
                    "warnings": null
                },
                {
                    "traceID": "522e49331b3dc4dd",
                    "spanID": "5702d7345cc8c40c",
                    "operationName": "teastore-persistence.default.svc.cluster.local:8080/*",
                    "references": [
                        {
                            "refType": "CHILD_OF",
                            "traceID": "522e49331b3dc4dd",
                            "spanID": "522e49331b3dc4dd"
                        }
                    ],
                    "startTime": 1659572132744115,
                    "duration": 1404,
                    "tags": [
                        {
                            "key": "upstream_cluster",
                            "type": "string",
                            "value": "outbound|8080||teastore-persistence.default.svc.cluster.local"
                        },
                        {
                            "key": "node_id",
                            "type": "string",
                            "value": "sidecar~172.17.0.14~teastore-webui-7cb5985449-rb6pm.default~default.svc.cluster.local"
                        },
                        {
                            "key": "upstream_cluster.name",
                            "type": "string",
                            "value": "outbound|8080||teastore-persistence.default.svc.cluster.local"
                        },
                        {
                            "key": "component",
                            "type": "string",
                            "value": "proxy"
                        },
                        {
                            "key": "response_flags",
                            "type": "string",
                            "value": "-"
                        },
                        {
                            "key": "downstream_cluster",
                            "type": "string",
                            "value": "-"
                        },
                        {
                            "key": "istio.mesh_id",
                            "type": "string",
                            "value": "cluster.local"
                        },
                        {
                            "key": "http.url",
                            "type": "string",
                            "value": "http://teastore-persistence:8080/tools.descartes.teastore.persistence/rest/products/35"
                        },
                        {
                            "key": "peer.address",
                            "type": "string",
                            "value": "172.17.0.14"
                        },
                        {
                            "key": "response_size",
                            "type": "string",
                            "value": "143"
                        },
                        {
                            "key": "http.protocol",
                            "type": "string",
                            "value": "HTTP/1.1"
                        },
                        {
                            "key": "user_agent",
                            "type": "string",
                            "value": "Jersey/3.0.2 (Async HTTP Grizzly Connector 3.0.2)"
                        },
                        {
                            "key": "istio.canonical_revision",
                            "type": "string",
                            "value": "latest"
                        },
                        {
                            "key": "istio.canonical_service",
                            "type": "string",
                            "value": "teastore"
                        },
                        {
                            "key": "request_size",
                            "type": "string",
                            "value": "0"
                        },
                        {
                            "key": "http.method",
                            "type": "string",
                            "value": "GET"
                        },
                        {
                            "key": "istio.namespace",
                            "type": "string",
                            "value": "default"
                        },
                        {
                            "key": "http.status_code",
                            "type": "string",
                            "value": "200"
                        },
                        {
                            "key": "guid:x-request-id",
                            "type": "string",
                            "value": "1352edae-1a23-4aae-a028-5f9beeca35ee"
                        },
                        {
                            "key": "span.kind",
                            "type": "string",
                            "value": "client"
                        },
                        {
                            "key": "internal.span.format",
                            "type": "string",
                            "value": "zipkin"
                        }
                    ],
                    "logs": [],
                    "processID": "p1",
                    "warnings": [
                        "invalid parent span IDs=522e49331b3dc4dd; skipping clock skew adjustment"
                    ]
                },
                {
                    "traceID": "522e49331b3dc4dd",
                    "spanID": "d39ba35175d155ba",
                    "operationName": "teastore-persistence.default.svc.cluster.local:8080/*",
                    "references": [
                        {
                            "refType": "CHILD_OF",
                            "traceID": "522e49331b3dc4dd",
                            "spanID": "5702d7345cc8c40c"
                        }
                    ],
                    "startTime": 1659572132744368,
                    "duration": 945,
                    "tags": [
                        {
                            "key": "request_size",
                            "type": "string",
                            "value": "0"
                        },
                        {
                            "key": "upstream_cluster",
                            "type": "string",
                            "value": "inbound|8080||"
                        },
                        {
                            "key": "downstream_cluster",
                            "type": "string",
                            "value": "-"
                        },
                        {
                            "key": "response_size",
                            "type": "string",
                            "value": "143"
                        },
                        {
                            "key": "http.url",
                            "type": "string",
                            "value": "http://teastore-persistence:8080/tools.descartes.teastore.persistence/rest/products/35"
                        },
                        {
                            "key": "istio.canonical_revision",
                            "type": "string",
                            "value": "latest"
                        },
                        {
                            "key": "istio.mesh_id",
                            "type": "string",
                            "value": "cluster.local"
                        },
                        {
                            "key": "peer.address",
                            "type": "string",
                            "value": "172.17.0.14"
                        },
                        {
                            "key": "component",
                            "type": "string",
                            "value": "proxy"
                        },
                        {
                            "key": "istio.namespace",
                            "type": "string",
                            "value": "default"
                        },
                        {
                            "key": "response_flags",
                            "type": "string",
                            "value": "-"
                        },
                        {
                            "key": "node_id",
                            "type": "string",
                            "value": "sidecar~172.17.0.15~teastore-persistence-7588d7656b-z6r6f.default~default.svc.cluster.local"
                        },
                        {
                            "key": "user_agent",
                            "type": "string",
                            "value": "Jersey/3.0.2 (Async HTTP Grizzly Connector 3.0.2)"
                        },
                        {
                            "key": "http.method",
                            "type": "string",
                            "value": "GET"
                        },
                        {
                            "key": "http.protocol",
                            "type": "string",
                            "value": "HTTP/1.1"
                        },
                        {
                            "key": "http.status_code",
                            "type": "string",
                            "value": "200"
                        },
                        {
                            "key": "upstream_cluster.name",
                            "type": "string",
                            "value": "inbound|8080||"
                        },
                        {
                            "key": "guid:x-request-id",
                            "type": "string",
                            "value": "1352edae-1a23-4aae-a028-5f9beeca35ee"
                        },
                        {
                            "key": "istio.canonical_service",
                            "type": "string",
                            "value": "teastore"
                        },
                        {
                            "key": "span.kind",
                            "type": "string",
                            "value": "server"
                        },
                        {
                            "key": "internal.span.format",
                            "type": "string",
                            "value": "zipkin"
                        }
                    ],
                    "logs": [],
                    "processID": "p2",
                    "warnings": null
                },
                {
                    "traceID": "522e49331b3dc4dd",
                    "spanID": "ab8c525fb354ab4e",
                    "operationName": "teastore-persistence.default.svc.cluster.local:8080/*",
                    "references": [
                        {
                            "refType": "CHILD_OF",
                            "traceID": "522e49331b3dc4dd",
                            "spanID": "522e49331b3dc4dd"
                        }
                    ],
                    "startTime": 1659572132752973,
                    "duration": 3052,
                    "tags": [
                        {
                            "key": "istio.namespace",
                            "type": "string",
                            "value": "default"
                        },
                        {
                            "key": "istio.mesh_id",
                            "type": "string",
                            "value": "cluster.local"
                        },
                        {
                            "key": "http.url",
                            "type": "string",
                            "value": "http://teastore-persistence:8080/tools.descartes.teastore.persistence/rest/products/214"
                        },
                        {
                            "key": "upstream_cluster.name",
                            "type": "string",
                            "value": "outbound|8080||teastore-persistence.default.svc.cluster.local"
                        },
                        {
                            "key": "istio.canonical_revision",
                            "type": "string",
                            "value": "latest"
                        },
                        {
                            "key": "upstream_cluster",
                            "type": "string",
                            "value": "outbound|8080||teastore-persistence.default.svc.cluster.local"
                        },
                        {
                            "key": "response_flags",
                            "type": "string",
                            "value": "-"
                        },
                        {
                            "key": "request_size",
                            "type": "string",
                            "value": "0"
                        },
                        {
                            "key": "user_agent",
                            "type": "string",
                            "value": "Jersey/3.0.2 (Async HTTP Grizzly Connector 3.0.2)"
                        },
                        {
                            "key": "downstream_cluster",
                            "type": "string",
                            "value": "-"
                        },
                        {
                            "key": "http.protocol",
                            "type": "string",
                            "value": "HTTP/1.1"
                        },
                        {
                            "key": "guid:x-request-id",
                            "type": "string",
                            "value": "bd5345b3-8d85-490c-845e-cca36f799380"
                        },
                        {
                            "key": "node_id",
                            "type": "string",
                            "value": "sidecar~172.17.0.14~teastore-webui-7cb5985449-rb6pm.default~default.svc.cluster.local"
                        },
                        {
                            "key": "peer.address",
                            "type": "string",
                            "value": "172.17.0.14"
                        },
                        {
                            "key": "http.status_code",
                            "type": "string",
                            "value": "200"
                        },
                        {
                            "key": "istio.canonical_service",
                            "type": "string",
                            "value": "teastore"
                        },
                        {
                            "key": "component",
                            "type": "string",
                            "value": "proxy"
                        },
                        {
                            "key": "http.method",
                            "type": "string",
                            "value": "GET"
                        },
                        {
                            "key": "response_size",
                            "type": "string",
                            "value": "134"
                        },
                        {
                            "key": "span.kind",
                            "type": "string",
                            "value": "client"
                        },
                        {
                            "key": "internal.span.format",
                            "type": "string",
                            "value": "zipkin"
                        }
                    ],
                    "logs": [],
                    "processID": "p1",
                    "warnings": [
                        "invalid parent span IDs=522e49331b3dc4dd; skipping clock skew adjustment"
                    ]
                },
                {
                    "traceID": "522e49331b3dc4dd",
                    "spanID": "f6c2a4aee2f8a0d5",
                    "operationName": "teastore-persistence.default.svc.cluster.local:8080/*",
                    "references": [
                        {
                            "refType": "CHILD_OF",
                            "traceID": "522e49331b3dc4dd",
                            "spanID": "ab8c525fb354ab4e"
                        }
                    ],
                    "startTime": 1659572132753273,
                    "duration": 2406,
                    "tags": [
                        {
                            "key": "upstream_cluster",
                            "type": "string",
                            "value": "inbound|8080||"
                        },
                        {
                            "key": "request_size",
                            "type": "string",
                            "value": "0"
                        },
                        {
                            "key": "istio.namespace",
                            "type": "string",
                            "value": "default"
                        },
                        {
                            "key": "istio.canonical_revision",
                            "type": "string",
                            "value": "latest"
                        },
                        {
                            "key": "response_flags",
                            "type": "string",
                            "value": "-"
                        },
                        {
                            "key": "http.protocol",
                            "type": "string",
                            "value": "HTTP/1.1"
                        },
                        {
                            "key": "upstream_cluster.name",
                            "type": "string",
                            "value": "inbound|8080||"
                        },
                        {
                            "key": "peer.address",
                            "type": "string",
                            "value": "172.17.0.14"
                        },
                        {
                            "key": "http.method",
                            "type": "string",
                            "value": "GET"
                        },
                        {
                            "key": "response_size",
                            "type": "string",
                            "value": "134"
                        },
                        {
                            "key": "istio.canonical_service",
                            "type": "string",
                            "value": "teastore"
                        },
                        {
                            "key": "downstream_cluster",
                            "type": "string",
                            "value": "-"
                        },
                        {
                            "key": "node_id",
                            "type": "string",
                            "value": "sidecar~172.17.0.15~teastore-persistence-7588d7656b-z6r6f.default~default.svc.cluster.local"
                        },
                        {
                            "key": "component",
                            "type": "string",
                            "value": "proxy"
                        },
                        {
                            "key": "user_agent",
                            "type": "string",
                            "value": "Jersey/3.0.2 (Async HTTP Grizzly Connector 3.0.2)"
                        },
                        {
                            "key": "http.status_code",
                            "type": "string",
                            "value": "200"
                        },
                        {
                            "key": "http.url",
                            "type": "string",
                            "value": "http://teastore-persistence:8080/tools.descartes.teastore.persistence/rest/products/214"
                        },
                        {
                            "key": "guid:x-request-id",
                            "type": "string",
                            "value": "bd5345b3-8d85-490c-845e-cca36f799380"
                        },
                        {
                            "key": "istio.mesh_id",
                            "type": "string",
                            "value": "cluster.local"
                        },
                        {
                            "key": "span.kind",
                            "type": "string",
                            "value": "server"
                        },
                        {
                            "key": "internal.span.format",
                            "type": "string",
                            "value": "zipkin"
                        }
                    ],
                    "logs": [],
                    "processID": "p2",
                    "warnings": null
                },
                {
                    "traceID": "522e49331b3dc4dd",
                    "spanID": "5bcf90bcc35503a0",
                    "operationName": "teastore-image.default.svc.cluster.local:8080/*",
                    "references": [
                        {
                            "refType": "CHILD_OF",
                            "traceID": "522e49331b3dc4dd",
                            "spanID": "522e49331b3dc4dd"
                        }
                    ],
                    "startTime": 1659572132758636,
                    "duration": 9470,
                    "tags": [
                        {
                            "key": "istio.canonical_revision",
                            "type": "string",
                            "value": "latest"
                        },
                        {
                            "key": "upstream_cluster.name",
                            "type": "string",
                            "value": "outbound|8080||teastore-image.default.svc.cluster.local"
                        },
                        {
                            "key": "response_flags",
                            "type": "string",
                            "value": "-"
                        },
                        {
                            "key": "node_id",
                            "type": "string",
                            "value": "sidecar~172.17.0.14~teastore-webui-7cb5985449-rb6pm.default~default.svc.cluster.local"
                        },
                        {
                            "key": "upstream_cluster",
                            "type": "string",
                            "value": "outbound|8080||teastore-image.default.svc.cluster.local"
                        },
                        {
                            "key": "guid:x-request-id",
                            "type": "string",
                            "value": "20c484b2-b621-49d3-a60c-f56a3f8151e0"
                        },
                        {
                            "key": "response_size",
                            "type": "string",
                            "value": "4797"
                        },
                        {
                            "key": "peer.address",
                            "type": "string",
                            "value": "172.17.0.14"
                        },
                        {
                            "key": "user_agent",
                            "type": "string",
                            "value": "Jersey/3.0.2 (Async HTTP Grizzly Connector 3.0.2)"
                        },
                        {
                            "key": "http.status_code",
                            "type": "string",
                            "value": "200"
                        },
                        {
                            "key": "http.method",
                            "type": "string",
                            "value": "POST"
                        },
                        {
                            "key": "request_size",
                            "type": "string",
                            "value": "16"
                        },
                        {
                            "key": "component",
                            "type": "string",
                            "value": "proxy"
                        },
                        {
                            "key": "downstream_cluster",
                            "type": "string",
                            "value": "-"
                        },
                        {
                            "key": "http.protocol",
                            "type": "string",
                            "value": "HTTP/1.1"
                        },
                        {
                            "key": "istio.mesh_id",
                            "type": "string",
                            "value": "cluster.local"
                        },
                        {
                            "key": "istio.namespace",
                            "type": "string",
                            "value": "default"
                        },
                        {
                            "key": "http.url",
                            "type": "string",
                            "value": "http://teastore-image:8080/tools.descartes.teastore.image/rest/image/getWebImages"
                        },
                        {
                            "key": "istio.canonical_service",
                            "type": "string",
                            "value": "teastore"
                        },
                        {
                            "key": "span.kind",
                            "type": "string",
                            "value": "client"
                        },
                        {
                            "key": "internal.span.format",
                            "type": "string",
                            "value": "zipkin"
                        }
                    ],
                    "logs": [],
                    "processID": "p1",
                    "warnings": [
                        "invalid parent span IDs=522e49331b3dc4dd; skipping clock skew adjustment"
                    ]
                },
                {
                    "traceID": "522e49331b3dc4dd",
                    "spanID": "e186cf3589bcaa3c",
                    "operationName": "teastore-image.default.svc.cluster.local:8080/*",
                    "references": [
                        {
                            "refType": "CHILD_OF",
                            "traceID": "522e49331b3dc4dd",
                            "spanID": "5bcf90bcc35503a0"
                        }
                    ],
                    "startTime": 1659572132763019,
                    "duration": 4628,
                    "tags": [
                        {
                            "key": "user_agent",
                            "type": "string",
                            "value": "Jersey/3.0.2 (Async HTTP Grizzly Connector 3.0.2)"
                        },
                        {
                            "key": "http.protocol",
                            "type": "string",
                            "value": "HTTP/1.1"
                        },
                        {
                            "key": "downstream_cluster",
                            "type": "string",
                            "value": "-"
                        },
                        {
                            "key": "istio.canonical_service",
                            "type": "string",
                            "value": "teastore"
                        },
                        {
                            "key": "http.status_code",
                            "type": "string",
                            "value": "200"
                        },
                        {
                            "key": "node_id",
                            "type": "string",
                            "value": "sidecar~172.17.0.18~teastore-image-7db78b456c-85vw5.default~default.svc.cluster.local"
                        },
                        {
                            "key": "response_size",
                            "type": "string",
                            "value": "4797"
                        },
                        {
                            "key": "component",
                            "type": "string",
                            "value": "proxy"
                        },
                        {
                            "key": "peer.address",
                            "type": "string",
                            "value": "172.17.0.14"
                        },
                        {
                            "key": "response_flags",
                            "type": "string",
                            "value": "-"
                        },
                        {
                            "key": "upstream_cluster",
                            "type": "string",
                            "value": "inbound|8080||"
                        },
                        {
                            "key": "http.url",
                            "type": "string",
                            "value": "http://teastore-image:8080/tools.descartes.teastore.image/rest/image/getWebImages"
                        },
                        {
                            "key": "request_size",
                            "type": "string",
                            "value": "16"
                        },
                        {
                            "key": "istio.canonical_revision",
                            "type": "string",
                            "value": "latest"
                        },
                        {
                            "key": "istio.namespace",
                            "type": "string",
                            "value": "default"
                        },
                        {
                            "key": "istio.mesh_id",
                            "type": "string",
                            "value": "cluster.local"
                        },
                        {
                            "key": "upstream_cluster.name",
                            "type": "string",
                            "value": "inbound|8080||"
                        },
                        {
                            "key": "guid:x-request-id",
                            "type": "string",
                            "value": "20c484b2-b621-49d3-a60c-f56a3f8151e0"
                        },
                        {
                            "key": "http.method",
                            "type": "string",
                            "value": "POST"
                        },
                        {
                            "key": "span.kind",
                            "type": "string",
                            "value": "server"
                        },
                        {
                            "key": "internal.span.format",
                            "type": "string",
                            "value": "zipkin"
                        }
                    ],
                    "logs": [],
                    "processID": "p3",
                    "warnings": null
                },
                {
                    "traceID": "522e49331b3dc4dd",
                    "spanID": "eb29999cb0bd2001",
                    "operationName": "teastore-persistence.default.svc.cluster.local:8080/*",
                    "references": [
                        {
                            "refType": "CHILD_OF",
                            "traceID": "522e49331b3dc4dd",
                            "spanID": "522e49331b3dc4dd"
                        }
                    ],
                    "startTime": 1659572132770066,
                    "duration": 6811,
                    "tags": [
                        {
                            "key": "user_agent",
                            "type": "string",
                            "value": "Jersey/3.0.2 (Async HTTP Grizzly Connector 3.0.2)"
                        },
                        {
                            "key": "upstream_cluster.name",
                            "type": "string",
                            "value": "outbound|8080||teastore-persistence.default.svc.cluster.local"
                        },
                        {
                            "key": "request_size",
                            "type": "string",
                            "value": "0"
                        },
                        {
                            "key": "downstream_cluster",
                            "type": "string",
                            "value": "-"
                        },
                        {
                            "key": "response_flags",
                            "type": "string",
                            "value": "-"
                        },
                        {
                            "key": "http.status_code",
                            "type": "string",
                            "value": "200"
                        },
                        {
                            "key": "istio.mesh_id",
                            "type": "string",
                            "value": "cluster.local"
                        },
                        {
                            "key": "istio.canonical_revision",
                            "type": "string",
                            "value": "latest"
                        },
                        {
                            "key": "upstream_cluster",
                            "type": "string",
                            "value": "outbound|8080||teastore-persistence.default.svc.cluster.local"
                        },
                        {
                            "key": "http.method",
                            "type": "string",
                            "value": "GET"
                        },
                        {
                            "key": "http.protocol",
                            "type": "string",
                            "value": "HTTP/1.1"
                        },
                        {
                            "key": "istio.canonical_service",
                            "type": "string",
                            "value": "teastore"
                        },
                        {
                            "key": "istio.namespace",
                            "type": "string",
                            "value": "default"
                        },
                        {
                            "key": "node_id",
                            "type": "string",
                            "value": "sidecar~172.17.0.14~teastore-webui-7cb5985449-rb6pm.default~default.svc.cluster.local"
                        },
                        {
                            "key": "component",
                            "type": "string",
                            "value": "proxy"
                        },
                        {
                            "key": "response_size",
                            "type": "string",
                            "value": "347"
                        },
                        {
                            "key": "http.url",
                            "type": "string",
                            "value": "http://teastore-persistence:8080/tools.descartes.teastore.persistence/rest/categories"
                        },
                        {
                            "key": "peer.address",
                            "type": "string",
                            "value": "172.17.0.14"
                        },
                        {
                            "key": "guid:x-request-id",
                            "type": "string",
                            "value": "33e7764c-ffca-403d-84b4-5982c67672b2"
                        },
                        {
                            "key": "span.kind",
                            "type": "string",
                            "value": "client"
                        },
                        {
                            "key": "internal.span.format",
                            "type": "string",
                            "value": "zipkin"
                        }
                    ],
                    "logs": [],
                    "processID": "p1",
                    "warnings": [
                        "invalid parent span IDs=522e49331b3dc4dd; skipping clock skew adjustment"
                    ]
                },
                {
                    "traceID": "522e49331b3dc4dd",
                    "spanID": "6644cd92fc42711f",
                    "operationName": "teastore-persistence.default.svc.cluster.local:8080/*",
                    "references": [
                        {
                            "refType": "CHILD_OF",
                            "traceID": "522e49331b3dc4dd",
                            "spanID": "eb29999cb0bd2001"
                        }
                    ],
                    "startTime": 1659572132770483,
                    "duration": 5376,
                    "tags": [
                        {
                            "key": "http.method",
                            "type": "string",
                            "value": "GET"
                        },
                        {
                            "key": "response_flags",
                            "type": "string",
                            "value": "-"
                        },
                        {
                            "key": "upstream_cluster",
                            "type": "string",
                            "value": "inbound|8080||"
                        },
                        {
                            "key": "upstream_cluster.name",
                            "type": "string",
                            "value": "inbound|8080||"
                        },
                        {
                            "key": "peer.address",
                            "type": "string",
                            "value": "172.17.0.14"
                        },
                        {
                            "key": "istio.canonical_service",
                            "type": "string",
                            "value": "teastore"
                        },
                        {
                            "key": "http.url",
                            "type": "string",
                            "value": "http://teastore-persistence:8080/tools.descartes.teastore.persistence/rest/categories"
                        },
                        {
                            "key": "component",
                            "type": "string",
                            "value": "proxy"
                        },
                        {
                            "key": "downstream_cluster",
                            "type": "string",
                            "value": "-"
                        },
                        {
                            "key": "istio.namespace",
                            "type": "string",
                            "value": "default"
                        },
                        {
                            "key": "node_id",
                            "type": "string",
                            "value": "sidecar~172.17.0.15~teastore-persistence-7588d7656b-z6r6f.default~default.svc.cluster.local"
                        },
                        {
                            "key": "http.protocol",
                            "type": "string",
                            "value": "HTTP/1.1"
                        },
                        {
                            "key": "request_size",
                            "type": "string",
                            "value": "0"
                        },
                        {
                            "key": "user_agent",
                            "type": "string",
                            "value": "Jersey/3.0.2 (Async HTTP Grizzly Connector 3.0.2)"
                        },
                        {
                            "key": "istio.mesh_id",
                            "type": "string",
                            "value": "cluster.local"
                        },
                        {
                            "key": "response_size",
                            "type": "string",
                            "value": "347"
                        },
                        {
                            "key": "http.status_code",
                            "type": "string",
                            "value": "200"
                        },
                        {
                            "key": "istio.canonical_revision",
                            "type": "string",
                            "value": "latest"
                        },
                        {
                            "key": "guid:x-request-id",
                            "type": "string",
                            "value": "33e7764c-ffca-403d-84b4-5982c67672b2"
                        },
                        {
                            "key": "span.kind",
                            "type": "string",
                            "value": "server"
                        },
                        {
                            "key": "internal.span.format",
                            "type": "string",
                            "value": "zipkin"
                        }
                    ],
                    "logs": [],
                    "processID": "p2",
                    "warnings": null
                },
                {
                    "traceID": "522e49331b3dc4dd",
                    "spanID": "84ea02f07d24f110",
                    "operationName": "teastore-auth.default.svc.cluster.local:8080/*",
                    "references": [
                        {
                            "refType": "CHILD_OF",
                            "traceID": "522e49331b3dc4dd",
                            "spanID": "522e49331b3dc4dd"
                        }
                    ],
                    "startTime": 1659572132780456,
                    "duration": 14190,
                    "tags": [
                        {
                            "key": "istio.canonical_service",
                            "type": "string",
                            "value": "teastore"
                        },
                        {
                            "key": "istio.canonical_revision",
                            "type": "string",
                            "value": "latest"
                        },
                        {
                            "key": "istio.mesh_id",
                            "type": "string",
                            "value": "cluster.local"
                        },
                        {
                            "key": "response_flags",
                            "type": "string",
                            "value": "-"
                        },
                        {
                            "key": "request_size",
                            "type": "string",
                            "value": "611"
                        },
                        {
                            "key": "upstream_cluster.name",
                            "type": "string",
                            "value": "outbound|8080||teastore-auth.default.svc.cluster.local"
                        },
                        {
                            "key": "upstream_cluster",
                            "type": "string",
                            "value": "outbound|8080||teastore-auth.default.svc.cluster.local"
                        },
                        {
                            "key": "user_agent",
                            "type": "string",
                            "value": "Jersey/3.0.2 (Async HTTP Grizzly Connector 3.0.2)"
                        },
                        {
                            "key": "node_id",
                            "type": "string",
                            "value": "sidecar~172.17.0.14~teastore-webui-7cb5985449-rb6pm.default~default.svc.cluster.local"
                        },
                        {
                            "key": "component",
                            "type": "string",
                            "value": "proxy"
                        },
                        {
                            "key": "guid:x-request-id",
                            "type": "string",
                            "value": "2c9fdf7c-ae74-46c8-91be-87fa82dd0f6e"
                        },
                        {
                            "key": "http.url",
                            "type": "string",
                            "value": "http://teastore-auth:8080/tools.descartes.teastore.auth/rest/useractions/isloggedin"
                        },
                        {
                            "key": "http.status_code",
                            "type": "string",
                            "value": "200"
                        },
                        {
                            "key": "peer.address",
                            "type": "string",
                            "value": "172.17.0.14"
                        },
                        {
                            "key": "response_size",
                            "type": "string",
                            "value": "485"
                        },
                        {
                            "key": "downstream_cluster",
                            "type": "string",
                            "value": "-"
                        },
                        {
                            "key": "http.protocol",
                            "type": "string",
                            "value": "HTTP/1.1"
                        },
                        {
                            "key": "http.method",
                            "type": "string",
                            "value": "POST"
                        },
                        {
                            "key": "istio.namespace",
                            "type": "string",
                            "value": "default"
                        },
                        {
                            "key": "span.kind",
                            "type": "string",
                            "value": "client"
                        },
                        {
                            "key": "internal.span.format",
                            "type": "string",
                            "value": "zipkin"
                        }
                    ],
                    "logs": [],
                    "processID": "p1",
                    "warnings": [
                        "invalid parent span IDs=522e49331b3dc4dd; skipping clock skew adjustment"
                    ]
                },
                {
                    "traceID": "522e49331b3dc4dd",
                    "spanID": "19cbbf704176af61",
                    "operationName": "teastore-auth.default.svc.cluster.local:8080/*",
                    "references": [
                        {
                            "refType": "CHILD_OF",
                            "traceID": "522e49331b3dc4dd",
                            "spanID": "84ea02f07d24f110"
                        }
                    ],
                    "startTime": 1659572132780918,
                    "duration": 12012,
                    "tags": [
                        {
                            "key": "istio.namespace",
                            "type": "string",
                            "value": "default"
                        },
                        {
                            "key": "http.protocol",
                            "type": "string",
                            "value": "HTTP/1.1"
                        },
                        {
                            "key": "istio.canonical_revision",
                            "type": "string",
                            "value": "latest"
                        },
                        {
                            "key": "http.status_code",
                            "type": "string",
                            "value": "200"
                        },
                        {
                            "key": "http.method",
                            "type": "string",
                            "value": "POST"
                        },
                        {
                            "key": "request_size",
                            "type": "string",
                            "value": "611"
                        },
                        {
                            "key": "istio.canonical_service",
                            "type": "string",
                            "value": "teastore"
                        },
                        {
                            "key": "peer.address",
                            "type": "string",
                            "value": "172.17.0.14"
                        },
                        {
                            "key": "node_id",
                            "type": "string",
                            "value": "sidecar~172.17.0.20~teastore-auth-84f7654d8d-72wlt.default~default.svc.cluster.local"
                        },
                        {
                            "key": "user_agent",
                            "type": "string",
                            "value": "Jersey/3.0.2 (Async HTTP Grizzly Connector 3.0.2)"
                        },
                        {
                            "key": "upstream_cluster.name",
                            "type": "string",
                            "value": "inbound|8080||"
                        },
                        {
                            "key": "http.url",
                            "type": "string",
                            "value": "http://teastore-auth:8080/tools.descartes.teastore.auth/rest/useractions/isloggedin"
                        },
                        {
                            "key": "component",
                            "type": "string",
                            "value": "proxy"
                        },
                        {
                            "key": "downstream_cluster",
                            "type": "string",
                            "value": "-"
                        },
                        {
                            "key": "istio.mesh_id",
                            "type": "string",
                            "value": "cluster.local"
                        },
                        {
                            "key": "upstream_cluster",
                            "type": "string",
                            "value": "inbound|8080||"
                        },
                        {
                            "key": "response_flags",
                            "type": "string",
                            "value": "-"
                        },
                        {
                            "key": "response_size",
                            "type": "string",
                            "value": "485"
                        },
                        {
                            "key": "guid:x-request-id",
                            "type": "string",
                            "value": "2c9fdf7c-ae74-46c8-91be-87fa82dd0f6e"
                        },
                        {
                            "key": "span.kind",
                            "type": "string",
                            "value": "server"
                        },
                        {
                            "key": "internal.span.format",
                            "type": "string",
                            "value": "zipkin"
                        }
                    ],
                    "logs": [],
                    "processID": "p4",
                    "warnings": null
                },
                {
                    "traceID": "522e49331b3dc4dd",
                    "spanID": "00b2aad55d3072a1",
                    "operationName": "teastore-recommender.default.svc.cluster.local:8080/*",
                    "references": [
                        {
                            "refType": "CHILD_OF",
                            "traceID": "522e49331b3dc4dd",
                            "spanID": "522e49331b3dc4dd"
                        }
                    ],
                    "startTime": 1659572132796438,
                    "duration": 6237458,
                    "tags": [
                        {
                            "key": "user_agent",
                            "type": "string",
                            "value": "Jersey/3.0.2 (Async HTTP Grizzly Connector 3.0.2)"
                        },
                        {
                            "key": "guid:x-request-id",
                            "type": "string",
                            "value": "eafdff01-c35d-4e10-829e-604634d233d6"
                        },
                        {
                            "key": "response_size",
                            "type": "string",
                            "value": "0"
                        },
                        {
                            "key": "error",
                            "type": "bool",
                            "value": true
                        },
                        {
                            "key": "request_size",
                            "type": "string",
                            "value": "223"
                        },
                        {
                            "key": "node_id",
                            "type": "string",
                            "value": "sidecar~172.17.0.14~teastore-webui-7cb5985449-rb6pm.default~default.svc.cluster.local"
                        },
                        {
                            "key": "istio.namespace",
                            "type": "string",
                            "value": "default"
                        },
                        {
                            "key": "http.status_code",
                            "type": "string",
                            "value": "0"
                        },
                        {
                            "key": "http.url",
                            "type": "string",
                            "value": "http://teastore-recommender:8080/tools.descartes.teastore.recommender/rest/recommend?uid=605"
                        },
                        {
                            "key": "istio.canonical_revision",
                            "type": "string",
                            "value": "latest"
                        },
                        {
                            "key": "component",
                            "type": "string",
                            "value": "proxy"
                        },
                        {
                            "key": "response_flags",
                            "type": "string",
                            "value": "DI,DC"
                        },
                        {
                            "key": "downstream_cluster",
                            "type": "string",
                            "value": "-"
                        },
                        {
                            "key": "http.method",
                            "type": "string",
                            "value": "POST"
                        },
                        {
                            "key": "istio.mesh_id",
                            "type": "string",
                            "value": "cluster.local"
                        },
                        {
                            "key": "istio.canonical_service",
                            "type": "string",
                            "value": "teastore"
                        },
                        {
                            "key": "http.protocol",
                            "type": "string",
                            "value": "HTTP/1.1"
                        },
                        {
                            "key": "peer.address",
                            "type": "string",
                            "value": "172.17.0.14"
                        },
                        {
                            "key": "span.kind",
                            "type": "string",
                            "value": "client"
                        },
                        {
                            "key": "internal.span.format",
                            "type": "string",
                            "value": "zipkin"
                        }
                    ],
                    "logs": [],
                    "processID": "p1",
                    "warnings": [
                        "invalid parent span IDs=522e49331b3dc4dd; skipping clock skew adjustment"
                    ]
                },
                {
                    "traceID": "522e49331b3dc4dd",
                    "spanID": "3612fa73112e3410",
                    "operationName": "teastore-recommender.default.svc.cluster.local:8080/*",
                    "references": [
                        {
                            "refType": "CHILD_OF",
                            "traceID": "522e49331b3dc4dd",
                            "spanID": "522e49331b3dc4dd"
                        }
                    ],
                    "startTime": 1659572139035798,
                    "duration": 6002086,
                    "tags": [
                        {
                            "key": "peer.address",
                            "type": "string",
                            "value": "172.17.0.14"
                        },
                        {
                            "key": "user_agent",
                            "type": "string",
                            "value": "Jersey/3.0.2 (Async HTTP Grizzly Connector 3.0.2)"
                        },
                        {
                            "key": "http.url",
                            "type": "string",
                            "value": "http://teastore-recommender:8080/tools.descartes.teastore.recommender/rest/recommend?uid=605"
                        },
                        {
                            "key": "response_size",
                            "type": "string",
                            "value": "0"
                        },
                        {
                            "key": "istio.namespace",
                            "type": "string",
                            "value": "default"
                        },
                        {
                            "key": "istio.canonical_service",
                            "type": "string",
                            "value": "teastore"
                        },
                        {
                            "key": "http.protocol",
                            "type": "string",
                            "value": "HTTP/1.1"
                        },
                        {
                            "key": "response_flags",
                            "type": "string",
                            "value": "DI,DC"
                        },
                        {
                            "key": "downstream_cluster",
                            "type": "string",
                            "value": "-"
                        },
                        {
                            "key": "request_size",
                            "type": "string",
                            "value": "223"
                        },
                        {
                            "key": "node_id",
                            "type": "string",
                            "value": "sidecar~172.17.0.14~teastore-webui-7cb5985449-rb6pm.default~default.svc.cluster.local"
                        },
                        {
                            "key": "guid:x-request-id",
                            "type": "string",
                            "value": "bb6bd5b7-a1be-4e58-a4a7-b9ba0e98a92a"
                        },
                        {
                            "key": "error",
                            "type": "bool",
                            "value": true
                        },
                        {
                            "key": "http.status_code",
                            "type": "string",
                            "value": "0"
                        },
                        {
                            "key": "http.method",
                            "type": "string",
                            "value": "POST"
                        },
                        {
                            "key": "istio.mesh_id",
                            "type": "string",
                            "value": "cluster.local"
                        },
                        {
                            "key": "istio.canonical_revision",
                            "type": "string",
                            "value": "latest"
                        },
                        {
                            "key": "component",
                            "type": "string",
                            "value": "proxy"
                        },
                        {
                            "key": "span.kind",
                            "type": "string",
                            "value": "client"
                        },
                        {
                            "key": "internal.span.format",
                            "type": "string",
                            "value": "zipkin"
                        }
                    ],
                    "logs": [],
                    "processID": "p1",
                    "warnings": [
                        "invalid parent span IDs=522e49331b3dc4dd; skipping clock skew adjustment"
                    ]
                },
                {
                    "traceID": "522e49331b3dc4dd",
                    "spanID": "b3c4f91b77accea2",
                    "operationName": "teastore-recommender.default.svc.cluster.local:8080/*",
                    "references": [
                        {
                            "refType": "CHILD_OF",
                            "traceID": "522e49331b3dc4dd",
                            "spanID": "522e49331b3dc4dd"
                        }
                    ],
                    "startTime": 1659572145039886,
                    "duration": 6501985,
                    "tags": [
                        {
                            "key": "component",
                            "type": "string",
                            "value": "proxy"
                        },
                        {
                            "key": "http.protocol",
                            "type": "string",
                            "value": "HTTP/1.1"
                        },
                        {
                            "key": "istio.namespace",
                            "type": "string",
                            "value": "default"
                        },
                        {
                            "key": "response_flags",
                            "type": "string",
                            "value": "DI,DC"
                        },
                        {
                            "key": "http.method",
                            "type": "string",
                            "value": "POST"
                        },
                        {
                            "key": "http.url",
                            "type": "string",
                            "value": "http://teastore-recommender:8080/tools.descartes.teastore.recommender/rest/recommend?uid=605"
                        },
                        {
                            "key": "istio.canonical_service",
                            "type": "string",
                            "value": "teastore"
                        },
                        {
                            "key": "request_size",
                            "type": "string",
                            "value": "223"
                        },
                        {
                            "key": "peer.address",
                            "type": "string",
                            "value": "172.17.0.14"
                        },
                        {
                            "key": "istio.mesh_id",
                            "type": "string",
                            "value": "cluster.local"
                        },
                        {
                            "key": "http.status_code",
                            "type": "string",
                            "value": "0"
                        },
                        {
                            "key": "response_size",
                            "type": "string",
                            "value": "0"
                        },
                        {
                            "key": "error",
                            "type": "bool",
                            "value": true
                        },
                        {
                            "key": "istio.canonical_revision",
                            "type": "string",
                            "value": "latest"
                        },
                        {
                            "key": "user_agent",
                            "type": "string",
                            "value": "Jersey/3.0.2 (Async HTTP Grizzly Connector 3.0.2)"
                        },
                        {
                            "key": "guid:x-request-id",
                            "type": "string",
                            "value": "91aba26e-a8cd-4908-ab47-9237691193b0"
                        },
                        {
                            "key": "downstream_cluster",
                            "type": "string",
                            "value": "-"
                        },
                        {
                            "key": "node_id",
                            "type": "string",
                            "value": "sidecar~172.17.0.14~teastore-webui-7cb5985449-rb6pm.default~default.svc.cluster.local"
                        },
                        {
                            "key": "span.kind",
                            "type": "string",
                            "value": "client"
                        },
                        {
                            "key": "internal.span.format",
                            "type": "string",
                            "value": "zipkin"
                        }
                    ],
                    "logs": [],
                    "processID": "p1",
                    "warnings": [
                        "invalid parent span IDs=522e49331b3dc4dd; skipping clock skew adjustment"
                    ]
                }
            ],
            "processes": {
                "p1": {
                    "serviceName": "teastore.default",
                    "tags": [
                        {
                            "key": "ip",
                            "type": "string",
                            "value": "172.17.0.14"
                        }
                    ]
                },
                "p2": {
                    "serviceName": "teastore.default",
                    "tags": [
                        {
                            "key": "ip",
                            "type": "string",
                            "value": "172.17.0.15"
                        }
                    ]
                },
                "p3": {
                    "serviceName": "teastore.default",
                    "tags": [
                        {
                            "key": "ip",
                            "type": "string",
                            "value": "172.17.0.18"
                        }
                    ]
                },
                "p4": {
                    "serviceName": "teastore.default",
                    "tags": [
                        {
                            "key": "ip",
                            "type": "string",
                            "value": "172.17.0.20"
                        }
                    ]
                }
            },
            "warnings": null
        }
    ],
    "total": 0,
    "limit": 0,
    "offset": 0,
    "errors": null
}