{
    "data": [
        {
            "traceID": "89ead3446cacc591",
            "spans": [
                {
                    "traceID": "89ead3446cacc591",
                    "spanID": "67a861208348fa6b",
                    "operationName": "teastore-persistence.default.svc.cluster.local:8080/*",
                    "references": [
                        {
                            "refType": "CHILD_OF",
                            "traceID": "89ead3446cacc591",
                            "spanID": "89ead3446cacc591"
                        }
                    ],
                    "startTime": 1659580877760976,
                    "duration": 8027,
                    "tags": [
                        {
                            "key": "request_size",
                            "type": "string",
                            "value": "0"
                        },
                        {
                            "key": "upstream_cluster.name",
                            "type": "string",
                            "value": "outbound|8080||teastore-persistence.default.svc.cluster.local"
                        },
                        {
                            "key": "downstream_cluster",
                            "type": "string",
                            "value": "-"
                        },
                        {
                            "key": "http.method",
                            "type": "string",
                            "value": "GET"
                        },
                        {
                            "key": "peer.address",
                            "type": "string",
                            "value": "172.17.0.14"
                        },
                        {
                            "key": "response_flags",
                            "type": "string",
                            "value": "-"
                        },
                        {
                            "key": "node_id",
                            "type": "string",
                            "value": "sidecar~172.17.0.14~teastore-webui-7cb5985449-rb6pm.default~default.svc.cluster.local"
                        },
                        {
                            "key": "http.url",
                            "type": "string",
                            "value": "http://teastore-persistence:8080/tools.descartes.teastore.persistence/rest/categories"
                        },
                        {
                            "key": "upstream_cluster",
                            "type": "string",
                            "value": "outbound|8080||teastore-persistence.default.svc.cluster.local"
                        },
                        {
                            "key": "istio.canonical_revision",
                            "type": "string",
                            "value": "latest"
                        },
                        {
                            "key": "istio.canonical_service",
                            "type": "string",
                            "value": "teastore"
                        },
                        {
                            "key": "user_agent",
                            "type": "string",
                            "value": "Jersey/3.0.2 (Async HTTP Grizzly Connector 3.0.2)"
                        },
                        {
                            "key": "http.protocol",
                            "type": "string",
                            "value": "HTTP/1.1"
                        },
                        {
                            "key": "http.status_code",
                            "type": "string",
                            "value": "200"
                        },
                        {
                            "key": "istio.mesh_id",
                            "type": "string",
                            "value": "cluster.local"
                        },
                        {
                            "key": "component",
                            "type": "string",
                            "value": "proxy"
                        },
                        {
                            "key": "guid:x-request-id",
                            "type": "string",
                            "value": "4ccfcf7a-b98d-49cd-83d9-71fda61cf37c"
                        },
                        {
                            "key": "istio.namespace",
                            "type": "string",
                            "value": "default"
                        },
                        {
                            "key": "response_size",
                            "type": "string",
                            "value": "347"
                        },
                        {
                            "key": "span.kind",
                            "type": "string",
                            "value": "client"
                        },
                        {
                            "key": "internal.span.format",
                            "type": "string",
                            "value": "zipkin"
                        }
                    ],
                    "logs": [],
                    "processID": "p1",
                    "warnings": null
                },
                {
                    "traceID": "89ead3446cacc591",
                    "spanID": "ecc49c0a55d2383e",
                    "operationName": "teastore-persistence.default.svc.cluster.local:8080/*",
                    "references": [
                        {
                            "refType": "CHILD_OF",
                            "traceID": "89ead3446cacc591",
                            "spanID": "67a861208348fa6b"
                        }
                    ],
                    "startTime": 1659580877762043,
                    "duration": 3349,
                    "tags": [
                        {
                            "key": "istio.canonical_service",
                            "type": "string",
                            "value": "teastore"
                        },
                        {
                            "key": "http.status_code",
                            "type": "string",
                            "value": "200"
                        },
                        {
                            "key": "downstream_cluster",
                            "type": "string",
                            "value": "-"
                        },
                        {
                            "key": "http.protocol",
                            "type": "string",
                            "value": "HTTP/1.1"
                        },
                        {
                            "key": "http.url",
                            "type": "string",
                            "value": "http://teastore-persistence:8080/tools.descartes.teastore.persistence/rest/categories"
                        },
                        {
                            "key": "http.method",
                            "type": "string",
                            "value": "GET"
                        },
                        {
                            "key": "upstream_cluster",
                            "type": "string",
                            "value": "inbound|8080||"
                        },
                        {
                            "key": "istio.canonical_revision",
                            "type": "string",
                            "value": "latest"
                        },
                        {
                            "key": "upstream_cluster.name",
                            "type": "string",
                            "value": "inbound|8080||"
                        },
                        {
                            "key": "response_size",
                            "type": "string",
                            "value": "347"
                        },
                        {
                            "key": "istio.namespace",
                            "type": "string",
                            "value": "default"
                        },
                        {
                            "key": "istio.mesh_id",
                            "type": "string",
                            "value": "cluster.local"
                        },
                        {
                            "key": "user_agent",
                            "type": "string",
                            "value": "Jersey/3.0.2 (Async HTTP Grizzly Connector 3.0.2)"
                        },
                        {
                            "key": "response_flags",
                            "type": "string",
                            "value": "-"
                        },
                        {
                            "key": "peer.address",
                            "type": "string",
                            "value": "172.17.0.14"
                        },
                        {
                            "key": "request_size",
                            "type": "string",
                            "value": "0"
                        },
                        {
                            "key": "node_id",
                            "type": "string",
                            "value": "sidecar~172.17.0.10~teastore-persistence-7588d7656b-rm4br.default~default.svc.cluster.local"
                        },
                        {
                            "key": "guid:x-request-id",
                            "type": "string",
                            "value": "4ccfcf7a-b98d-49cd-83d9-71fda61cf37c"
                        },
                        {
                            "key": "component",
                            "type": "string",
                            "value": "proxy"
                        },
                        {
                            "key": "span.kind",
                            "type": "string",
                            "value": "server"
                        },
                        {
                            "key": "internal.span.format",
                            "type": "string",
                            "value": "zipkin"
                        }
                    ],
                    "logs": [],
                    "processID": "p2",
                    "warnings": null
                },
                {
                    "traceID": "89ead3446cacc591",
                    "spanID": "6051dda3acfd1f4b",
                    "operationName": "teastore-auth.default.svc.cluster.local:8080/*",
                    "references": [
                        {
                            "refType": "CHILD_OF",
                            "traceID": "89ead3446cacc591",
                            "spanID": "89ead3446cacc591"
                        }
                    ],
                    "startTime": 1659580877983427,
                    "duration": 2258768,
                    "tags": [
                        {
                            "key": "upstream_cluster",
                            "type": "string",
                            "value": "outbound|8080||teastore-auth.default.svc.cluster.local"
                        },
                        {
                            "key": "node_id",
                            "type": "string",
                            "value": "sidecar~172.17.0.14~teastore-webui-7cb5985449-rb6pm.default~default.svc.cluster.local"
                        },
                        {
                            "key": "request_size",
                            "type": "string",
                            "value": "257"
                        },
                        {
                            "key": "istio.canonical_service",
                            "type": "string",
                            "value": "teastore"
                        },
                        {
                            "key": "istio.mesh_id",
                            "type": "string",
                            "value": "cluster.local"
                        },
                        {
                            "key": "http.protocol",
                            "type": "string",
                            "value": "HTTP/1.1"
                        },
                        {
                            "key": "downstream_cluster",
                            "type": "string",
                            "value": "-"
                        },
                        {
                            "key": "http.url",
                            "type": "string",
                            "value": "http://teastore-auth:8080/tools.descartes.teastore.auth/rest/useractions/isloggedin"
                        },
                        {
                            "key": "response_size",
                            "type": "string",
                            "value": "0"
                        },
                        {
                            "key": "guid:x-request-id",
                            "type": "string",
                            "value": "1274ca50-4f65-42fd-ba4c-7d86e0b8cc33"
                        },
                        {
                            "key": "http.method",
                            "type": "string",
                            "value": "POST"
                        },
                        {
                            "key": "http.status_code",
                            "type": "string",
                            "value": "200"
                        },
                        {
                            "key": "istio.namespace",
                            "type": "string",
                            "value": "default"
                        },
                        {
                            "key": "response_flags",
                            "type": "string",
                            "value": "-"
                        },
                        {
                            "key": "user_agent",
                            "type": "string",
                            "value": "Jersey/3.0.2 (Async HTTP Grizzly Connector 3.0.2)"
                        },
                        {
                            "key": "peer.address",
                            "type": "string",
                            "value": "172.17.0.14"
                        },
                        {
                            "key": "upstream_cluster.name",
                            "type": "string",
                            "value": "outbound|8080||teastore-auth.default.svc.cluster.local"
                        },
                        {
                            "key": "istio.canonical_revision",
                            "type": "string",
                            "value": "latest"
                        },
                        {
                            "key": "component",
                            "type": "string",
                            "value": "proxy"
                        },
                        {
                            "key": "span.kind",
                            "type": "string",
                            "value": "client"
                        },
                        {
                            "key": "internal.span.format",
                            "type": "string",
                            "value": "zipkin"
                        }
                    ],
                    "logs": [],
                    "processID": "p1",
                    "warnings": null
                },
                {
                    "traceID": "89ead3446cacc591",
                    "spanID": "5fdfdf3ba1776d7b",
                    "operationName": "teastore-auth.default.svc.cluster.local:8080/*",
                    "references": [
                        {
                            "refType": "CHILD_OF",
                            "traceID": "89ead3446cacc591",
                            "spanID": "6051dda3acfd1f4b"
                        }
                    ],
                    "startTime": 1659580877986599,
                    "duration": 2238429,
                    "tags": [
                        {
                            "key": "istio.mesh_id",
                            "type": "string",
                            "value": "cluster.local"
                        },
                        {
                            "key": "downstream_cluster",
                            "type": "string",
                            "value": "-"
                        },
                        {
                            "key": "user_agent",
                            "type": "string",
                            "value": "Jersey/3.0.2 (Async HTTP Grizzly Connector 3.0.2)"
                        },
                        {
                            "key": "istio.canonical_revision",
                            "type": "string",
                            "value": "latest"
                        },
                        {
                            "key": "http.method",
                            "type": "string",
                            "value": "POST"
                        },
                        {
                            "key": "peer.address",
                            "type": "string",
                            "value": "172.17.0.14"
                        },
                        {
                            "key": "istio.namespace",
                            "type": "string",
                            "value": "default"
                        },
                        {
                            "key": "response_flags",
                            "type": "string",
                            "value": "-"
                        },
                        {
                            "key": "http.url",
                            "type": "string",
                            "value": "http://teastore-auth:8080/tools.descartes.teastore.auth/rest/useractions/isloggedin"
                        },
                        {
                            "key": "istio.canonical_service",
                            "type": "string",
                            "value": "teastore"
                        },
                        {
                            "key": "http.status_code",
                            "type": "string",
                            "value": "200"
                        },
                        {
                            "key": "response_size",
                            "type": "string",
                            "value": "0"
                        },
                        {
                            "key": "request_size",
                            "type": "string",
                            "value": "257"
                        },
                        {
                            "key": "component",
                            "type": "string",
                            "value": "proxy"
                        },
                        {
                            "key": "http.protocol",
                            "type": "string",
                            "value": "HTTP/1.1"
                        },
                        {
                            "key": "upstream_cluster.name",
                            "type": "string",
                            "value": "inbound|8080||"
                        },
                        {
                            "key": "upstream_cluster",
                            "type": "string",
                            "value": "inbound|8080||"
                        },
                        {
                            "key": "node_id",
                            "type": "string",
                            "value": "sidecar~172.17.0.18~teastore-auth-84f7654d8d-25lw4.default~default.svc.cluster.local"
                        },
                        {
                            "key": "guid:x-request-id",
                            "type": "string",
                            "value": "1274ca50-4f65-42fd-ba4c-7d86e0b8cc33"
                        },
                        {
                            "key": "span.kind",
                            "type": "string",
                            "value": "server"
                        },
                        {
                            "key": "internal.span.format",
                            "type": "string",
                            "value": "zipkin"
                        }
                    ],
                    "logs": [],
                    "processID": "p3",
                    "warnings": null
                },
                {
                    "traceID": "89ead3446cacc591",
                    "spanID": "085ae224921bfab3",
                    "operationName": "teastore-image.default.svc.cluster.local:8080/*",
                    "references": [
                        {
                            "refType": "CHILD_OF",
                            "traceID": "89ead3446cacc591",
                            "spanID": "89ead3446cacc591"
                        }
                    ],
                    "startTime": 1659580880249044,
                    "duration": 10118,
                    "tags": [
                        {
                            "key": "user_agent",
                            "type": "string",
                            "value": "Jersey/3.0.2 (Async HTTP Grizzly Connector 3.0.2)"
                        },
                        {
                            "key": "http.status_code",
                            "type": "string",
                            "value": "200"
                        },
                        {
                            "key": "http.protocol",
                            "type": "string",
                            "value": "HTTP/1.1"
                        },
                        {
                            "key": "http.method",
                            "type": "string",
                            "value": "POST"
                        },
                        {
                            "key": "guid:x-request-id",
                            "type": "string",
                            "value": "273b06ae-7ae8-4ef5-8d61-0bd043f0d072"
                        },
                        {
                            "key": "http.url",
                            "type": "string",
                            "value": "http://teastore-image:8080/tools.descartes.teastore.image/rest/image/getWebImages"
                        },
                        {
                            "key": "peer.address",
                            "type": "string",
                            "value": "172.17.0.14"
                        },
                        {
                            "key": "upstream_cluster.name",
                            "type": "string",
                            "value": "outbound|8080||teastore-image.default.svc.cluster.local"
                        },
                        {
                            "key": "node_id",
                            "type": "string",
                            "value": "sidecar~172.17.0.14~teastore-webui-7cb5985449-rb6pm.default~default.svc.cluster.local"
                        },
                        {
                            "key": "response_size",
                            "type": "string",
                            "value": "4797"
                        },
                        {
                            "key": "component",
                            "type": "string",
                            "value": "proxy"
                        },
                        {
                            "key": "istio.mesh_id",
                            "type": "string",
                            "value": "cluster.local"
                        },
                        {
                            "key": "istio.canonical_revision",
                            "type": "string",
                            "value": "latest"
                        },
                        {
                            "key": "upstream_cluster",
                            "type": "string",
                            "value": "outbound|8080||teastore-image.default.svc.cluster.local"
                        },
                        {
                            "key": "downstream_cluster",
                            "type": "string",
                            "value": "-"
                        },
                        {
                            "key": "response_flags",
                            "type": "string",
                            "value": "-"
                        },
                        {
                            "key": "istio.namespace",
                            "type": "string",
                            "value": "default"
                        },
                        {
                            "key": "request_size",
                            "type": "string",
                            "value": "16"
                        },
                        {
                            "key": "istio.canonical_service",
                            "type": "string",
                            "value": "teastore"
                        },
                        {
                            "key": "span.kind",
                            "type": "string",
                            "value": "client"
                        },
                        {
                            "key": "internal.span.format",
                            "type": "string",
                            "value": "zipkin"
                        }
                    ],
                    "logs": [],
                    "processID": "p1",
                    "warnings": null
                },
                {
                    "traceID": "89ead3446cacc591",
                    "spanID": "7bb7327c7c3dc02a",
                    "operationName": "teastore-image.default.svc.cluster.local:8080/*",
                    "references": [
                        {
                            "refType": "CHILD_OF",
                            "traceID": "89ead3446cacc591",
                            "spanID": "085ae224921bfab3"
                        }
                    ],
                    "startTime": 1659580880249290,
                    "duration": 9589,
                    "tags": [
                        {
                            "key": "response_size",
                            "type": "string",
                            "value": "4797"
                        },
                        {
                            "key": "http.status_code",
                            "type": "string",
                            "value": "200"
                        },
                        {
                            "key": "istio.canonical_service",
                            "type": "string",
                            "value": "teastore"
                        },
                        {
                            "key": "downstream_cluster",
                            "type": "string",
                            "value": "-"
                        },
                        {
                            "key": "user_agent",
                            "type": "string",
                            "value": "Jersey/3.0.2 (Async HTTP Grizzly Connector 3.0.2)"
                        },
                        {
                            "key": "guid:x-request-id",
                            "type": "string",
                            "value": "273b06ae-7ae8-4ef5-8d61-0bd043f0d072"
                        },
                        {
                            "key": "peer.address",
                            "type": "string",
                            "value": "172.17.0.14"
                        },
                        {
                            "key": "istio.canonical_revision",
                            "type": "string",
                            "value": "latest"
                        },
                        {
                            "key": "upstream_cluster.name",
                            "type": "string",
                            "value": "inbound|8080||"
                        },
                        {
                            "key": "http.protocol",
                            "type": "string",
                            "value": "HTTP/1.1"
                        },
                        {
                            "key": "istio.mesh_id",
                            "type": "string",
                            "value": "cluster.local"
                        },
                        {
                            "key": "upstream_cluster",
                            "type": "string",
                            "value": "inbound|8080||"
                        },
                        {
                            "key": "component",
                            "type": "string",
                            "value": "proxy"
                        },
                        {
                            "key": "istio.namespace",
                            "type": "string",
                            "value": "default"
                        },
                        {
                            "key": "http.url",
                            "type": "string",
                            "value": "http://teastore-image:8080/tools.descartes.teastore.image/rest/image/getWebImages"
                        },
                        {
                            "key": "node_id",
                            "type": "string",
                            "value": "sidecar~172.17.0.15~teastore-image-7db78b456c-xrpnn.default~default.svc.cluster.local"
                        },
                        {
                            "key": "response_flags",
                            "type": "string",
                            "value": "-"
                        },
                        {
                            "key": "http.method",
                            "type": "string",
                            "value": "POST"
                        },
                        {
                            "key": "request_size",
                            "type": "string",
                            "value": "16"
                        },
                        {
                            "key": "span.kind",
                            "type": "string",
                            "value": "server"
                        },
                        {
                            "key": "internal.span.format",
                            "type": "string",
                            "value": "zipkin"
                        }
                    ],
                    "logs": [],
                    "processID": "p4",
                    "warnings": null
                }
            ],
            "processes": {
                "p1": {
                    "serviceName": "teastore.default",
                    "tags": [
                        {
                            "key": "ip",
                            "type": "int64",
                            "value": -1408172018
                        }
                    ]
                },
                "p2": {
                    "serviceName": "teastore.default",
                    "tags": [
                        {
                            "key": "ip",
                            "type": "int64",
                            "value": -1408172022
                        }
                    ]
                },
                "p3": {
                    "serviceName": "teastore.default",
                    "tags": [
                        {
                            "key": "ip",
                            "type": "int64",
                            "value": -1408172014
                        }
                    ]
                },
                "p4": {
                    "serviceName": "teastore.default",
                    "tags": [
                        {
                            "key": "ip",
                            "type": "int64",
                            "value": -1408172017
                        }
                    ]
                }
            },
            "warnings": null
        }
    ],
    "total": 0,
    "limit": 0,
    "offset": 0,
    "errors": null
}